{
  "datasets": [
    {
      "name": "f5caf05d",
      "displayName": "open_issues",
      "queryLines": [
        "SELECT\n",
        "  s.*,\n",
        "  pr.issue_summary,\n",
        "  pr.potential_root_cause,\n",
        "  pr.impact,\n",
        "  pr.recommended_action,\n",
        "  h.latitude,\n",
        "  h.longitude\n",
        "FROM (\n",
        "  SELECT\n",
        "    o.*,\n",
        "    from_json(\n",
        "      o.response_result,\n",
        "      'STRUCT<\n",
        "         aspect: STRING,\n",
        "         issue_summary: STRING,\n",
        "         potential_root_cause: STRING,\n",
        "         impact: STRING,\n",
        "         recommended_action: STRING\n",
        "      >'\n",
        "    ) AS pr\n",
        "  FROM lakehouse_inn_catalog.voc.open_issues_diagnosis o\n",
        ") s\n",
        "JOIN lakehouse_inn_catalog.voc.hotel_locations h\n",
        "  ON s.location = h.location\n",
        "ORDER BY s.severity"
      ]
    },
    {
      "name": "015bb6f6",
      "displayName": "review_aspect_details",
      "queryLines": [
        "SELECT * FROM lakehouse_inn_catalog.voc.review_aspect_details"
      ]
    },
    {
      "name": "a71bea0d",
      "displayName": "raw_reviews",
      "queryLines": [
        "SELECT * FROM lakehouse_inn_catalog.voc.raw_reviews"
      ]
    }
  ],
  "pages": [
    {
      "name": "property_rating",
      "displayName": "Property Reviews Dashboard",
      "layout": [
        {
          "widget": {
            "name": "57a7e64b",
            "queries": [
              {
                "name": "dashboards/01f0ab936a8815ffbc5b0dd3d8ca0f9f/datasets/01f0b50b260b1993a9ae84ff8f0e9e91_location",
                "query": {
                  "datasetName": "015bb6f6",
                  "fields": [
                    {
                      "name": "location",
                      "expression": "`location`"
                    },
                    {
                      "name": "location_associativity",
                      "expression": "COUNT_IF(`associative_filter_predicate_group`)"
                    }
                  ],
                  "disaggregated": false
                }
              },
              {
                "name": "dashboards/01f0ab936a8815ffbc5b0dd3d8ca0f9f/datasets/01f0ab99a7051848b464a492e75be71e_location",
                "query": {
                  "datasetName": "f5caf05d",
                  "fields": [
                    {
                      "name": "location",
                      "expression": "`location`"
                    },
                    {
                      "name": "location_associativity",
                      "expression": "COUNT_IF(`associative_filter_predicate_group`)"
                    }
                  ],
                  "disaggregated": false
                }
              },
              {
                "name": "dashboards/01f0ab936a8815ffbc5b0dd3d8ca0f9f/datasets/01f0bdb45cfc15b1a84225bf525567b7_location",
                "query": {
                  "datasetName": "a71bea0d",
                  "fields": [
                    {
                      "name": "location",
                      "expression": "`location`"
                    },
                    {
                      "name": "location_associativity",
                      "expression": "COUNT_IF(`associative_filter_predicate_group`)"
                    }
                  ],
                  "disaggregated": false
                }
              }
            ],
            "spec": {
              "version": 2,
              "widgetType": "filter-single-select",
              "encodings": {
                "fields": [
                  {
                    "fieldName": "location",
                    "queryName": "dashboards/01f0ab936a8815ffbc5b0dd3d8ca0f9f/datasets/01f0b50b260b1993a9ae84ff8f0e9e91_location"
                  },
                  {
                    "fieldName": "location",
                    "queryName": "dashboards/01f0ab936a8815ffbc5b0dd3d8ca0f9f/datasets/01f0ab99a7051848b464a492e75be71e_location"
                  },
                  {
                    "fieldName": "location",
                    "queryName": "dashboards/01f0ab936a8815ffbc5b0dd3d8ca0f9f/datasets/01f0bdb45cfc15b1a84225bf525567b7_location"
                  }
                ]
              },
              "frame": {
                "showTitle": true,
                "title": "Location"
              },
              "disallowAll": false,
              "selection": {
                "defaultSelection": {
                  "operator": {
                    "operator": "AND",
                    "args": []
                  }
                }
              }
            }
          },
          "position": {
            "x": 0,
            "y": 0,
            "width": 3,
            "height": 1
          }
        },
        {
          "widget": {
            "name": "27ece451",
            "queries": [
              {
                "name": "dashboards/01f0ab936a8815ffbc5b0dd3d8ca0f9f/datasets/01f0b50b260b1993a9ae84ff8f0e9e91_review_date",
                "query": {
                  "datasetName": "015bb6f6",
                  "fields": [
                    {
                      "name": "review_date",
                      "expression": "`review_date`"
                    },
                    {
                      "name": "review_date_associativity",
                      "expression": "COUNT_IF(`associative_filter_predicate_group`)"
                    }
                  ],
                  "disaggregated": false
                }
              },
              {
                "name": "dashboards/01f0ab936a8815ffbc5b0dd3d8ca0f9f/datasets/01f0ab99a7051848b464a492e75be71e_opened_at",
                "query": {
                  "datasetName": "f5caf05d",
                  "fields": [
                    {
                      "name": "opened_at",
                      "expression": "`opened_at`"
                    },
                    {
                      "name": "opened_at_associativity",
                      "expression": "COUNT_IF(`associative_filter_predicate_group`)"
                    }
                  ],
                  "disaggregated": false
                }
              }
            ],
            "spec": {
              "version": 2,
              "widgetType": "filter-date-range-picker",
              "encodings": {
                "fields": [
                  {
                    "fieldName": "review_date",
                    "queryName": "dashboards/01f0ab936a8815ffbc5b0dd3d8ca0f9f/datasets/01f0b50b260b1993a9ae84ff8f0e9e91_review_date"
                  },
                  {
                    "fieldName": "opened_at",
                    "queryName": "dashboards/01f0ab936a8815ffbc5b0dd3d8ca0f9f/datasets/01f0ab99a7051848b464a492e75be71e_opened_at"
                  }
                ]
              },
              "frame": {
                "showTitle": true,
                "title": "Date Range",
                "showDescription": false
              },
              "selection": {
                "defaultSelection": {
                  "range": {
                    "dataType": "DATE",
                    "min": {
                      "value": "now-365d/d"
                    },
                    "max": {
                      "value": "now/d"
                    }
                  }
                }
              }
            }
          },
          "position": {
            "x": 3,
            "y": 0,
            "width": 3,
            "height": 1
          }
        },
        {
          "widget": {
            "name": "7e0ff843",
            "queries": [
              {
                "name": "main_query",
                "query": {
                  "datasetName": "a71bea0d",
                  "fields": [
                    {
                      "name": "weekly(review_date)",
                      "expression": "DATE_TRUNC(\"WEEK\", `review_date`)"
                    },
                    {
                      "name": "countdistinct(review_uid)",
                      "expression": "COUNT(DISTINCT `review_uid`)"
                    },
                    {
                      "name": "avg(star_rating)",
                      "expression": "AVG(`star_rating`)"
                    }
                  ],
                  "disaggregated": false
                }
              }
            ],
            "spec": {
              "version": 1,
              "widgetType": "combo",
              "encodings": {
                "x": {
                  "fieldName": "weekly(review_date)",
                  "scale": {
                    "type": "temporal"
                  }
                },
                "y": {
                  "primary": {
                    "fields": [
                      {
                        "fieldName": "countdistinct(review_uid)"
                      }
                    ],
                    "scale": {
                      "type": "quantitative"
                    },
                    "axis": {
                      "title": "Number of Reviews"
                    }
                  },
                  "secondary": {
                    "fields": [
                      {
                        "fieldName": "avg(star_rating)"
                      }
                    ],
                    "scale": {
                      "type": "quantitative",
                      "domain": {
                        "min": 1,
                        "max": 5
                      }
                    },
                    "axis": {
                      "title": "Average Star Rating"
                    }
                  }
                }
              },
              "frame": {
                "title": "Number of Reviews and Average Ratings",
                "showTitle": true
              },
              "mark": {
                "colors": [
                  "#DBD4CB",
                  "#0D67E0",
                  {
                    "themeColorType": "visualizationColors",
                    "position": 3
                  },
                  {
                    "themeColorType": "visualizationColors",
                    "position": 4
                  },
                  {
                    "themeColorType": "visualizationColors",
                    "position": 5
                  },
                  {
                    "themeColorType": "visualizationColors",
                    "position": 6
                  },
                  {
                    "themeColorType": "visualizationColors",
                    "position": 7
                  },
                  {
                    "themeColorType": "visualizationColors",
                    "position": 8
                  },
                  {
                    "themeColorType": "visualizationColors",
                    "position": 9
                  },
                  {
                    "themeColorType": "visualizationColors",
                    "position": 10
                  }
                ]
              }
            }
          },
          "position": {
            "x": 2,
            "y": 8,
            "width": 4,
            "height": 6
          }
        },
        {
          "widget": {
            "name": "6f8c9b6e",
            "queries": [
              {
                "name": "main_query",
                "query": {
                  "datasetName": "015bb6f6",
                  "fields": [
                    {
                      "name": "countdistinct(review_uid)",
                      "expression": "COUNT(DISTINCT `review_uid`)"
                    },
                    {
                      "name": "sentiment",
                      "expression": "`sentiment`"
                    },
                    {
                      "name": "aspect",
                      "expression": "`aspect`"
                    }
                  ],
                  "disaggregated": false
                }
              }
            ],
            "spec": {
              "version": 3,
              "widgetType": "heatmap",
              "encodings": {
                "x": {
                  "fieldName": "sentiment",
                  "scale": {
                    "type": "categorical"
                  },
                  "displayName": " "
                },
                "y": {
                  "fieldName": "aspect",
                  "scale": {
                    "type": "categorical"
                  },
                  "displayName": "Unique Aspect"
                },
                "color": {
                  "fieldName": "countdistinct(review_uid)",
                  "scale": {
                    "type": "quantitative",
                    "colorRamp": {
                      "mode": "scheme",
                      "scheme": "greenblue"
                    },
                    "reverse": false
                  },
                  "displayName": "Number of Reviews"
                }
              },
              "frame": {
                "title": "Aspect(s) Sentiment Distribution",
                "showTitle": true
              }
            }
          },
          "position": {
            "x": 2,
            "y": 1,
            "width": 4,
            "height": 7
          }
        },
        {
          "widget": {
            "name": "3f2cdf33",
            "queries": [
              {
                "name": "main_query",
                "query": {
                  "datasetName": "015bb6f6",
                  "fields": [
                    {
                      "name": "countdistinct(review_uid)",
                      "expression": "COUNT(DISTINCT `review_uid`)"
                    },
                    {
                      "name": "channel",
                      "expression": "`channel`"
                    },
                    {
                      "name": "countdistinct(review_id)",
                      "expression": "COUNT(DISTINCT `review_id`)"
                    }
                  ],
                  "disaggregated": false
                }
              }
            ],
            "spec": {
              "version": 3,
              "widgetType": "pie",
              "encodings": {
                "angle": {
                  "fieldName": "countdistinct(review_uid)",
                  "scale": {
                    "type": "quantitative"
                  },
                  "displayName": " "
                },
                "color": {
                  "fieldName": "channel",
                  "scale": {
                    "type": "categorical",
                    "sort": {
                      "by": "angle-reversed"
                    },
                    "mappings": [
                      {
                        "value": "TripAdvisor",
                        "color": {
                          "themeColorType": "visualizationColors",
                          "position": 2
                        }
                      },
                      {
                        "value": "Booking.com",
                        "color": {
                          "themeColorType": "visualizationColors",
                          "position": 6
                        }
                      },
                      {
                        "value": "Expedia",
                        "color": {
                          "themeColorType": "visualizationColors",
                          "position": 8
                        }
                      },
                      {
                        "value": "Yelp",
                        "color": {
                          "themeColorType": "visualizationColors",
                          "position": 7
                        }
                      }
                    ]
                  },
                  "legend": {
                    "position": "top"
                  }
                },
                "label": {
                  "show": true
                },
                "extra": [
                  {
                    "fieldName": "channel"
                  },
                  {
                    "fieldName": "countdistinct(review_id)",
                    "displayName": "Number of Reviews"
                  }
                ]
              },
              "frame": {
                "title": "Review Channel Distribution",
                "showTitle": true
              }
            }
          },
          "position": {
            "x": 0,
            "y": 7,
            "width": 2,
            "height": 7
          }
        },
        {
          "widget": {
            "name": "ec01767e",
            "queries": [
              {
                "name": "main_query",
                "query": {
                  "datasetName": "a71bea0d",
                  "fields": [
                    {
                      "name": "avg(star_rating)",
                      "expression": "AVG(`star_rating`)"
                    }
                  ],
                  "disaggregated": false
                }
              }
            ],
            "spec": {
              "version": 2,
              "widgetType": "counter",
              "encodings": {
                "value": {
                  "fieldName": "avg(star_rating)",
                  "style": {
                    "rules": [
                      {
                        "condition": {
                          "operator": ">=",
                          "operand": {
                            "type": "data-value",
                            "value": "4"
                          }
                        },
                        "color": "#00A972"
                      },
                      {
                        "condition": {
                          "operator": ">=",
                          "operand": {
                            "type": "data-value",
                            "value": "3"
                          }
                        },
                        "color": {
                          "themeColorType": "visualizationColors",
                          "position": 2
                        }
                      },
                      {
                        "condition": {
                          "operator": "<",
                          "operand": {
                            "type": "data-value",
                            "value": "3"
                          }
                        },
                        "color": {
                          "themeColorType": "visualizationColors",
                          "position": 4
                        }
                      }
                    ]
                  },
                  "format": {
                    "type": "number-plain",
                    "abbreviation": "compact",
                    "decimalPlaces": {
                      "type": "max",
                      "places": 2
                    },
                    "hideGroupSeparator": false
                  }
                }
              },
              "frame": {
                "title": "Average Star Rating (1-5)",
                "showTitle": true
              }
            }
          },
          "position": {
            "x": 0,
            "y": 1,
            "width": 1,
            "height": 3
          }
        },
        {
          "widget": {
            "name": "daec6df0",
            "queries": [
              {
                "name": "main_query",
                "query": {
                  "datasetName": "a71bea0d",
                  "fields": [
                    {
                      "name": "countdistinct(review_uid)",
                      "expression": "COUNT(DISTINCT `review_uid`)"
                    }
                  ],
                  "disaggregated": false
                }
              }
            ],
            "spec": {
              "version": 2,
              "widgetType": "counter",
              "encodings": {
                "value": {
                  "fieldName": "countdistinct(review_uid)",
                  "format": {
                    "type": "number-plain",
                    "abbreviation": "compact",
                    "decimalPlaces": {
                      "type": "max",
                      "places": 2
                    }
                  }
                }
              },
              "frame": {
                "title": "Total Number of Reviews",
                "showTitle": true
              }
            }
          },
          "position": {
            "x": 1,
            "y": 4,
            "width": 1,
            "height": 3
          }
        },
        {
          "widget": {
            "name": "c10ed14f",
            "queries": [
              {
                "name": "main_query",
                "query": {
                  "datasetName": "f5caf05d",
                  "fields": [
                    {
                      "name": "severity",
                      "expression": "`severity`"
                    }
                  ],
                  "filters": [
                    {
                      "expression": "`status` IN ('Open')"
                    }
                  ],
                  "disaggregated": true
                }
              }
            ],
            "spec": {
              "version": 2,
              "widgetType": "counter",
              "encodings": {
                "value": {
                  "fieldName": "severity",
                  "style": {
                    "rules": [
                      {
                        "condition": {
                          "operator": "=",
                          "operand": {
                            "type": "data-value",
                            "value": "Critical"
                          }
                        },
                        "color": {
                          "themeColorType": "visualizationColors",
                          "position": 4
                        }
                      },
                      {
                        "condition": {
                          "operator": "=",
                          "operand": {
                            "type": "data-value",
                            "value": "Warning"
                          }
                        },
                        "color": {
                          "themeColorType": "visualizationColors",
                          "position": 2
                        }
                      },
                      {
                        "condition": {
                          "operator": "="
                        },
                        "color": "#00A972"
                      }
                    ]
                  },
                  "rowNumber": 0
                }
              },
              "frame": {
                "title": "Severity",
                "showTitle": true
              }
            }
          },
          "position": {
            "x": 1,
            "y": 1,
            "width": 1,
            "height": 3
          }
        },
        {
          "widget": {
            "name": "51c03d7e",
            "queries": [
              {
                "name": "main_query",
                "query": {
                  "datasetName": "f5caf05d",
                  "fields": [
                    {
                      "name": "countdistinct(issue_id)",
                      "expression": "COUNT(DISTINCT `issue_id`)"
                    }
                  ],
                  "disaggregated": false
                }
              }
            ],
            "spec": {
              "version": 2,
              "widgetType": "counter",
              "encodings": {
                "value": {
                  "fieldName": "countdistinct(issue_id)",
                  "style": {
                    "rules": [
                      {
                        "condition": {
                          "operator": ">=",
                          "operand": {
                            "type": "data-value",
                            "value": "5"
                          }
                        },
                        "color": {
                          "themeColorType": "visualizationColors",
                          "position": 4
                        }
                      },
                      {
                        "condition": {
                          "operator": ">=",
                          "operand": {
                            "type": "data-value",
                            "value": "2"
                          }
                        },
                        "color": {
                          "themeColorType": "visualizationColors",
                          "position": 2
                        }
                      }
                    ]
                  }
                }
              },
              "frame": {
                "title": "Open Issues",
                "showTitle": true
              }
            }
          },
          "position": {
            "x": 0,
            "y": 4,
            "width": 1,
            "height": 3
          }
        },
        {
          "widget": {
            "name": "c6865c46",
            "queries": [
              {
                "name": "main_query",
                "query": {
                  "datasetName": "f5caf05d",
                  "fields": [
                    {
                      "name": "issue_id",
                      "expression": "`issue_id`"
                    },
                    {
                      "name": "opened_at",
                      "expression": "`opened_at`"
                    },
                    {
                      "name": "location",
                      "expression": "`location`"
                    },
                    {
                      "name": "aspect",
                      "expression": "`aspect`"
                    },
                    {
                      "name": "severity",
                      "expression": "`severity`"
                    },
                    {
                      "name": "status",
                      "expression": "`status`"
                    },
                    {
                      "name": "open_reason",
                      "expression": "`open_reason`"
                    },
                    {
                      "name": "delta_pp_open",
                      "expression": "`delta_pp_open`"
                    },
                    {
                      "name": "nms_open",
                      "expression": "`nms_open`"
                    },
                    {
                      "name": "volume_open",
                      "expression": "`volume_open`"
                    },
                    {
                      "name": "processed_date",
                      "expression": "`processed_date`"
                    }
                  ],
                  "disaggregated": true
                }
              }
            ],
            "spec": {
              "version": 1,
              "widgetType": "table",
              "encodings": {
                "columns": [
                  {
                    "fieldName": "issue_id",
                    "booleanValues": [
                      "false",
                      "true"
                    ],
                    "imageUrlTemplate": "{{ @ }}",
                    "imageTitleTemplate": "{{ @ }}",
                    "imageWidth": "",
                    "imageHeight": "",
                    "linkUrlTemplate": "{{ @ }}",
                    "linkTextTemplate": "{{ @ }}",
                    "linkTitleTemplate": "{{ @ }}",
                    "linkOpenInNewTab": true,
                    "type": "string",
                    "displayAs": "string",
                    "visible": true,
                    "order": 100000,
                    "title": "issue_id",
                    "allowSearch": false,
                    "alignContent": "left",
                    "allowHTML": false,
                    "highlightLinks": false,
                    "useMonospaceFont": false,
                    "preserveWhitespace": false
                  },
                  {
                    "fieldName": "opened_at",
                    "dateTimeFormat": "DD/MM/YYYY",
                    "booleanValues": [
                      "false",
                      "true"
                    ],
                    "imageUrlTemplate": "{{ @ }}",
                    "imageTitleTemplate": "{{ @ }}",
                    "imageWidth": "",
                    "imageHeight": "",
                    "linkUrlTemplate": "{{ @ }}",
                    "linkTextTemplate": "{{ @ }}",
                    "linkTitleTemplate": "{{ @ }}",
                    "linkOpenInNewTab": true,
                    "type": "date",
                    "displayAs": "datetime",
                    "visible": true,
                    "order": 100001,
                    "title": "opened_at",
                    "allowSearch": false,
                    "alignContent": "right",
                    "allowHTML": false,
                    "highlightLinks": false,
                    "useMonospaceFont": false,
                    "preserveWhitespace": false
                  },
                  {
                    "fieldName": "location",
                    "booleanValues": [
                      "false",
                      "true"
                    ],
                    "imageUrlTemplate": "{{ @ }}",
                    "imageTitleTemplate": "{{ @ }}",
                    "imageWidth": "",
                    "imageHeight": "",
                    "linkUrlTemplate": "{{ @ }}",
                    "linkTextTemplate": "{{ @ }}",
                    "linkTitleTemplate": "{{ @ }}",
                    "linkOpenInNewTab": true,
                    "type": "string",
                    "displayAs": "string",
                    "visible": true,
                    "order": 100002,
                    "title": "location",
                    "allowSearch": false,
                    "alignContent": "left",
                    "allowHTML": false,
                    "highlightLinks": false,
                    "useMonospaceFont": false,
                    "preserveWhitespace": false
                  },
                  {
                    "fieldName": "aspect",
                    "booleanValues": [
                      "false",
                      "true"
                    ],
                    "imageUrlTemplate": "{{ @ }}",
                    "imageTitleTemplate": "{{ @ }}",
                    "imageWidth": "",
                    "imageHeight": "",
                    "linkUrlTemplate": "{{ @ }}",
                    "linkTextTemplate": "{{ @ }}",
                    "linkTitleTemplate": "{{ @ }}",
                    "linkOpenInNewTab": true,
                    "type": "string",
                    "displayAs": "string",
                    "visible": true,
                    "order": 100003,
                    "title": "aspect",
                    "allowSearch": false,
                    "alignContent": "left",
                    "allowHTML": false,
                    "highlightLinks": false,
                    "useMonospaceFont": false,
                    "preserveWhitespace": false
                  },
                  {
                    "fieldName": "severity",
                    "booleanValues": [
                      "false",
                      "true"
                    ],
                    "imageUrlTemplate": "{{ @ }}",
                    "imageTitleTemplate": "{{ @ }}",
                    "imageWidth": "",
                    "imageHeight": "",
                    "linkUrlTemplate": "{{ @ }}",
                    "linkTextTemplate": "{{ @ }}",
                    "linkTitleTemplate": "{{ @ }}",
                    "linkOpenInNewTab": true,
                    "type": "string",
                    "displayAs": "string",
                    "visible": true,
                    "order": 100004,
                    "title": "severity",
                    "allowSearch": false,
                    "alignContent": "left",
                    "allowHTML": false,
                    "highlightLinks": false,
                    "useMonospaceFont": false,
                    "preserveWhitespace": false
                  },
                  {
                    "fieldName": "status",
                    "booleanValues": [
                      "false",
                      "true"
                    ],
                    "imageUrlTemplate": "{{ @ }}",
                    "imageTitleTemplate": "{{ @ }}",
                    "imageWidth": "",
                    "imageHeight": "",
                    "linkUrlTemplate": "{{ @ }}",
                    "linkTextTemplate": "{{ @ }}",
                    "linkTitleTemplate": "{{ @ }}",
                    "linkOpenInNewTab": true,
                    "type": "string",
                    "displayAs": "string",
                    "visible": true,
                    "order": 100005,
                    "title": "status",
                    "allowSearch": false,
                    "alignContent": "left",
                    "allowHTML": false,
                    "highlightLinks": false,
                    "useMonospaceFont": false,
                    "preserveWhitespace": false
                  },
                  {
                    "fieldName": "open_reason",
                    "booleanValues": [
                      "false",
                      "true"
                    ],
                    "imageUrlTemplate": "{{ @ }}",
                    "imageTitleTemplate": "{{ @ }}",
                    "imageWidth": "",
                    "imageHeight": "",
                    "linkUrlTemplate": "{{ @ }}",
                    "linkTextTemplate": "{{ @ }}",
                    "linkTitleTemplate": "{{ @ }}",
                    "linkOpenInNewTab": true,
                    "type": "string",
                    "displayAs": "string",
                    "visible": true,
                    "order": 100006,
                    "title": "open_reason",
                    "allowSearch": false,
                    "alignContent": "left",
                    "allowHTML": false,
                    "highlightLinks": false,
                    "useMonospaceFont": false,
                    "preserveWhitespace": false
                  },
                  {
                    "fieldName": "delta_pp_open",
                    "numberFormat": "0.00",
                    "booleanValues": [
                      "false",
                      "true"
                    ],
                    "imageUrlTemplate": "{{ @ }}",
                    "imageTitleTemplate": "{{ @ }}",
                    "imageWidth": "",
                    "imageHeight": "",
                    "linkUrlTemplate": "{{ @ }}",
                    "linkTextTemplate": "{{ @ }}",
                    "linkTitleTemplate": "{{ @ }}",
                    "linkOpenInNewTab": true,
                    "type": "float",
                    "displayAs": "number",
                    "visible": true,
                    "order": 100007,
                    "title": "delta_pp_open",
                    "allowSearch": false,
                    "alignContent": "right",
                    "allowHTML": false,
                    "highlightLinks": false,
                    "useMonospaceFont": false,
                    "preserveWhitespace": false
                  },
                  {
                    "fieldName": "nms_open",
                    "numberFormat": "0.00",
                    "booleanValues": [
                      "false",
                      "true"
                    ],
                    "imageUrlTemplate": "{{ @ }}",
                    "imageTitleTemplate": "{{ @ }}",
                    "imageWidth": "",
                    "imageHeight": "",
                    "linkUrlTemplate": "{{ @ }}",
                    "linkTextTemplate": "{{ @ }}",
                    "linkTitleTemplate": "{{ @ }}",
                    "linkOpenInNewTab": true,
                    "type": "float",
                    "displayAs": "number",
                    "visible": true,
                    "order": 100008,
                    "title": "nms_open",
                    "allowSearch": false,
                    "alignContent": "right",
                    "allowHTML": false,
                    "highlightLinks": false,
                    "useMonospaceFont": false,
                    "preserveWhitespace": false
                  },
                  {
                    "fieldName": "volume_open",
                    "numberFormat": "0",
                    "booleanValues": [
                      "false",
                      "true"
                    ],
                    "imageUrlTemplate": "{{ @ }}",
                    "imageTitleTemplate": "{{ @ }}",
                    "imageWidth": "",
                    "imageHeight": "",
                    "linkUrlTemplate": "{{ @ }}",
                    "linkTextTemplate": "{{ @ }}",
                    "linkTitleTemplate": "{{ @ }}",
                    "linkOpenInNewTab": true,
                    "type": "integer",
                    "displayAs": "number",
                    "visible": true,
                    "order": 100009,
                    "title": "volume_open",
                    "allowSearch": false,
                    "alignContent": "right",
                    "allowHTML": false,
                    "highlightLinks": false,
                    "useMonospaceFont": false,
                    "preserveWhitespace": false
                  },
                  {
                    "fieldName": "processed_date",
                    "dateTimeFormat": "DD/MM/YYYY",
                    "booleanValues": [
                      "false",
                      "true"
                    ],
                    "imageUrlTemplate": "{{ @ }}",
                    "imageTitleTemplate": "{{ @ }}",
                    "imageWidth": "",
                    "imageHeight": "",
                    "linkUrlTemplate": "{{ @ }}",
                    "linkTextTemplate": "{{ @ }}",
                    "linkTitleTemplate": "{{ @ }}",
                    "linkOpenInNewTab": true,
                    "type": "date",
                    "displayAs": "datetime",
                    "visible": true,
                    "order": 100013,
                    "title": "processed_date",
                    "allowSearch": false,
                    "alignContent": "right",
                    "allowHTML": false,
                    "highlightLinks": false,
                    "useMonospaceFont": false,
                    "preserveWhitespace": false
                  }
                ]
              },
              "invisibleColumns": [
                {
                  "booleanValues": [
                    "false",
                    "true"
                  ],
                  "imageUrlTemplate": "{{ @ }}",
                  "imageTitleTemplate": "{{ @ }}",
                  "imageWidth": "",
                  "imageHeight": "",
                  "linkUrlTemplate": "{{ @ }}",
                  "linkTextTemplate": "{{ @ }}",
                  "linkTitleTemplate": "{{ @ }}",
                  "linkOpenInNewTab": true,
                  "name": "relevant_reviews",
                  "type": "complex",
                  "displayAs": "json",
                  "order": 100010,
                  "title": "relevant_reviews",
                  "allowSearch": false,
                  "alignContent": "left",
                  "allowHTML": false,
                  "highlightLinks": false,
                  "useMonospaceFont": false,
                  "preserveWhitespace": false
                },
                {
                  "booleanValues": [
                    "false",
                    "true"
                  ],
                  "imageUrlTemplate": "{{ @ }}",
                  "imageTitleTemplate": "{{ @ }}",
                  "imageWidth": "",
                  "imageHeight": "",
                  "linkUrlTemplate": "{{ @ }}",
                  "linkTextTemplate": "{{ @ }}",
                  "linkTitleTemplate": "{{ @ }}",
                  "linkOpenInNewTab": true,
                  "name": "response_result",
                  "type": "string",
                  "displayAs": "string",
                  "order": 100011,
                  "title": "response_result",
                  "allowSearch": false,
                  "alignContent": "left",
                  "allowHTML": false,
                  "highlightLinks": false,
                  "useMonospaceFont": false,
                  "preserveWhitespace": false
                },
                {
                  "booleanValues": [
                    "false",
                    "true"
                  ],
                  "imageUrlTemplate": "{{ @ }}",
                  "imageTitleTemplate": "{{ @ }}",
                  "imageWidth": "",
                  "imageHeight": "",
                  "linkUrlTemplate": "{{ @ }}",
                  "linkTextTemplate": "{{ @ }}",
                  "linkTitleTemplate": "{{ @ }}",
                  "linkOpenInNewTab": true,
                  "name": "response_error",
                  "type": "string",
                  "displayAs": "string",
                  "order": 100012,
                  "title": "response_error",
                  "allowSearch": false,
                  "alignContent": "left",
                  "allowHTML": false,
                  "highlightLinks": false,
                  "useMonospaceFont": false,
                  "preserveWhitespace": false
                },
                {
                  "booleanValues": [
                    "false",
                    "true"
                  ],
                  "imageUrlTemplate": "{{ @ }}",
                  "imageTitleTemplate": "{{ @ }}",
                  "imageWidth": "",
                  "imageHeight": "",
                  "linkUrlTemplate": "{{ @ }}",
                  "linkTextTemplate": "{{ @ }}",
                  "linkTitleTemplate": "{{ @ }}",
                  "linkOpenInNewTab": true,
                  "name": "pr",
                  "type": "complex",
                  "displayAs": "json",
                  "order": 100014,
                  "title": "pr",
                  "allowSearch": false,
                  "alignContent": "left",
                  "allowHTML": false,
                  "highlightLinks": false,
                  "useMonospaceFont": false,
                  "preserveWhitespace": false
                },
                {
                  "booleanValues": [
                    "false",
                    "true"
                  ],
                  "imageUrlTemplate": "{{ @ }}",
                  "imageTitleTemplate": "{{ @ }}",
                  "imageWidth": "",
                  "imageHeight": "",
                  "linkUrlTemplate": "{{ @ }}",
                  "linkTextTemplate": "{{ @ }}",
                  "linkTitleTemplate": "{{ @ }}",
                  "linkOpenInNewTab": true,
                  "name": "issue_summary",
                  "type": "string",
                  "displayAs": "string",
                  "order": 100015,
                  "title": "issue_summary",
                  "allowSearch": false,
                  "alignContent": "left",
                  "allowHTML": false,
                  "highlightLinks": false,
                  "useMonospaceFont": false,
                  "preserveWhitespace": false
                },
                {
                  "booleanValues": [
                    "false",
                    "true"
                  ],
                  "imageUrlTemplate": "{{ @ }}",
                  "imageTitleTemplate": "{{ @ }}",
                  "imageWidth": "",
                  "imageHeight": "",
                  "linkUrlTemplate": "{{ @ }}",
                  "linkTextTemplate": "{{ @ }}",
                  "linkTitleTemplate": "{{ @ }}",
                  "linkOpenInNewTab": true,
                  "name": "potential_root_cause",
                  "type": "string",
                  "displayAs": "string",
                  "order": 100016,
                  "title": "potential_root_cause",
                  "allowSearch": false,
                  "alignContent": "left",
                  "allowHTML": false,
                  "highlightLinks": false,
                  "useMonospaceFont": false,
                  "preserveWhitespace": false
                },
                {
                  "booleanValues": [
                    "false",
                    "true"
                  ],
                  "imageUrlTemplate": "{{ @ }}",
                  "imageTitleTemplate": "{{ @ }}",
                  "imageWidth": "",
                  "imageHeight": "",
                  "linkUrlTemplate": "{{ @ }}",
                  "linkTextTemplate": "{{ @ }}",
                  "linkTitleTemplate": "{{ @ }}",
                  "linkOpenInNewTab": true,
                  "name": "impact",
                  "type": "string",
                  "displayAs": "string",
                  "order": 100017,
                  "title": "impact",
                  "allowSearch": false,
                  "alignContent": "left",
                  "allowHTML": false,
                  "highlightLinks": false,
                  "useMonospaceFont": false,
                  "preserveWhitespace": false
                },
                {
                  "booleanValues": [
                    "false",
                    "true"
                  ],
                  "imageUrlTemplate": "{{ @ }}",
                  "imageTitleTemplate": "{{ @ }}",
                  "imageWidth": "",
                  "imageHeight": "",
                  "linkUrlTemplate": "{{ @ }}",
                  "linkTextTemplate": "{{ @ }}",
                  "linkTitleTemplate": "{{ @ }}",
                  "linkOpenInNewTab": true,
                  "name": "recommended_action",
                  "type": "string",
                  "displayAs": "string",
                  "order": 100018,
                  "title": "recommended_action",
                  "allowSearch": false,
                  "alignContent": "left",
                  "allowHTML": false,
                  "highlightLinks": false,
                  "useMonospaceFont": false,
                  "preserveWhitespace": false
                },
                {
                  "booleanValues": [
                    "false",
                    "true"
                  ],
                  "imageUrlTemplate": "{{ @ }}",
                  "imageTitleTemplate": "{{ @ }}",
                  "imageWidth": "",
                  "imageHeight": "",
                  "linkUrlTemplate": "{{ @ }}",
                  "linkTextTemplate": "{{ @ }}",
                  "linkTitleTemplate": "{{ @ }}",
                  "linkOpenInNewTab": true,
                  "name": "latitude",
                  "type": "decimal",
                  "displayAs": "number",
                  "order": 100019,
                  "title": "latitude",
                  "allowSearch": false,
                  "alignContent": "right",
                  "allowHTML": false,
                  "highlightLinks": false,
                  "useMonospaceFont": false,
                  "preserveWhitespace": false
                },
                {
                  "booleanValues": [
                    "false",
                    "true"
                  ],
                  "imageUrlTemplate": "{{ @ }}",
                  "imageTitleTemplate": "{{ @ }}",
                  "imageWidth": "",
                  "imageHeight": "",
                  "linkUrlTemplate": "{{ @ }}",
                  "linkTextTemplate": "{{ @ }}",
                  "linkTitleTemplate": "{{ @ }}",
                  "linkOpenInNewTab": true,
                  "name": "longitude",
                  "type": "decimal",
                  "displayAs": "number",
                  "order": 100020,
                  "title": "longitude",
                  "allowSearch": false,
                  "alignContent": "right",
                  "allowHTML": false,
                  "highlightLinks": false,
                  "useMonospaceFont": false,
                  "preserveWhitespace": false
                }
              ],
              "allowHTMLByDefault": false,
              "itemsPerPage": 25,
              "paginationSize": "default",
              "condensed": true,
              "withRowNumber": false
            }
          },
          "position": {
            "x": 0,
            "y": 14,
            "width": 6,
            "height": 6
          }
        }
      ],
      "pageType": "PAGE_TYPE_CANVAS"
    },
    {
      "name": "cda77b68",
      "displayName": "Global Filters",
      "pageType": "PAGE_TYPE_GLOBAL_FILTERS"
    }
  ],
  "uiSettings": {
    "locale": "en-US",
    "theme": {
      "widgetHeaderAlignment": "ALIGNMENT_UNSPECIFIED"
    },
    "genieSpace": {
      "isEnabled": true,
      "overrideId": "01f0a933aa7a14dc8b377db69cd237ee"
    },
    "applyModeEnabled": false
  }
}
