{
  "datasets": [
    {
      "name": "ddf2d117",
      "displayName": "property_health_map",
      "queryLines": [
        "WITH latest_open_issues AS (\n",
        "  SELECT\n",
        "    *,\n",
        "    ROW_NUMBER() OVER (\n",
        "      PARTITION BY location, aspect\n",
        "      ORDER BY opened_at DESC\n",
        "    ) AS rn\n",
        "  FROM lakehouse_inn_catalog.voc.issues_daily\n",
        "  WHERE status = 'Open'\n",
        ")\n",
        "SELECT\n",
        "  h.location,\n",
        "  h.latitude,\n",
        "  h.longitude,\n",
        "  h.region,\n",
        "  COUNT(l.issue_id) AS total_open_issues,\n",
        "  COUNT(CASE WHEN l.severity = 'Critical' THEN 1 END) AS critical_issues,\n",
        "  COUNT(CASE WHEN l.severity = 'Warning' THEN 1 END) AS warning_issues,\n",
        "  CASE\n",
        "    WHEN COUNT(CASE WHEN l.severity = 'Critical' THEN 1 END) > 0 THEN 'Critical Issues'\n",
        "    WHEN COUNT(CASE WHEN l.severity = 'Warning' THEN 1 END) > 0 THEN 'Warnings'\n",
        "    ELSE 'Healthy'\n",
        "  END AS health_status\n",
        "FROM lakehouse_inn_catalog.voc.hotel_locations h\n",
        "LEFT JOIN latest_open_issues l\n",
        "  ON h.location = l.location AND l.rn = 1\n",
        "GROUP BY h.location, h.latitude, h.longitude, h.region"
      ]
    },
    {
      "name": "9f00a7cb",
      "displayName": "all_issues",
      "queryLines": [
        "SELECT\n",
        "  d.*,\n",
        "  h.latitude,\n",
        "  h.longitude,\n",
        "  h.region,\n",
        "  h.location AS city\n",
        "FROM lakehouse_inn_catalog.voc.issues_daily d\n",
        "RIGHT OUTER JOIN lakehouse_inn_catalog.voc.hotel_locations h\n",
        "  ON d.location = h.location"
      ]
    }
  ],
  "pages": [
    {
      "name": "overview",
      "displayName": "Overview Dashboard",
      "layout": [
        {
          "widget": {
            "name": "b34ab078",
            "queries": [
              {
                "name": "main_query",
                "query": {
                  "datasetName": "9f00a7cb",
                  "fields": [
                    {
                      "name": "daily(opened_at)",
                      "expression": "DATE_TRUNC(\"DAY\", `opened_at`)"
                    },
                    {
                      "name": "count(issue_id)",
                      "expression": "COUNT(`issue_id`)"
                    }
                  ],
                  "disaggregated": false
                }
              }
            ],
            "spec": {
              "version": 3,
              "widgetType": "line",
              "encodings": {
                "x": {
                  "fieldName": "daily(opened_at)",
                  "scale": {
                    "type": "temporal"
                  }
                },
                "y": {
                  "fieldName": "count(issue_id)",
                  "scale": {
                    "type": "quantitative"
                  },
                  "axis": {
                    "title": "Number of Issues"
                  },
                  "format": {
                    "type": "number-plain",
                    "abbreviation": "compact",
                    "decimalPlaces": {
                      "type": "max",
                      "places": 2
                    }
                  }
                },
                "label": {
                  "show": false
                }
              },
              "frame": {
                "title": "Issues Trend",
                "showTitle": true,
                "showDescription": false
              },
              "mark": {
                "colors": [
                  {
                    "themeColorType": "visualizationColors",
                    "position": 10
                  },
                  {
                    "themeColorType": "visualizationColors",
                    "position": 2
                  },
                  {
                    "themeColorType": "visualizationColors",
                    "position": 3
                  },
                  {
                    "themeColorType": "visualizationColors",
                    "position": 4
                  },
                  {
                    "themeColorType": "visualizationColors",
                    "position": 5
                  },
                  {
                    "themeColorType": "visualizationColors",
                    "position": 6
                  },
                  {
                    "themeColorType": "visualizationColors",
                    "position": 7
                  },
                  {
                    "themeColorType": "visualizationColors",
                    "position": 8
                  },
                  {
                    "themeColorType": "visualizationColors",
                    "position": 9
                  },
                  {
                    "themeColorType": "visualizationColors",
                    "position": 10
                  }
                ],
                "size": 1.2
              }
            }
          },
          "position": {
            "x": 0,
            "y": 1,
            "width": 3,
            "height": 6
          }
        },
        {
          "widget": {
            "name": "6c1cd566",
            "queries": [
              {
                "name": "dashboards/01f0b5d2c21513ac8ab86f43c6fd0dc3/datasets/01f0b5d2c2151922a97949405bc21794_opened_at",
                "query": {
                  "datasetName": "9f00a7cb",
                  "fields": [
                    {
                      "name": "opened_at",
                      "expression": "`opened_at`"
                    },
                    {
                      "name": "opened_at_associativity",
                      "expression": "COUNT_IF(`associative_filter_predicate_group`)"
                    }
                  ],
                  "disaggregated": false
                }
              }
            ],
            "spec": {
              "version": 2,
              "widgetType": "filter-date-range-picker",
              "encodings": {
                "fields": [
                  {
                    "fieldName": "opened_at",
                    "queryName": "dashboards/01f0b5d2c21513ac8ab86f43c6fd0dc3/datasets/01f0b5d2c2151922a97949405bc21794_opened_at"
                  }
                ]
              },
              "frame": {
                "showTitle": true,
                "title": "Date Range",
                "showDescription": false
              },
              "selection": {
                "defaultSelection": {
                  "range": {
                    "dataType": "DATE",
                    "min": {
                      "value": "now-60d/d"
                    },
                    "max": {
                      "value": "now/d"
                    }
                  }
                }
              }
            }
          },
          "position": {
            "x": 0,
            "y": 0,
            "width": 3,
            "height": 1
          }
        },
        {
          "widget": {
            "name": "f666411f",
            "queries": [
              {
                "name": "dashboards/01f0b5d2c21513ac8ab86f43c6fd0dc3/datasets/01f0b5d2c2151922a97949405bc21794_status",
                "query": {
                  "datasetName": "9f00a7cb",
                  "fields": [
                    {
                      "name": "status",
                      "expression": "`status`"
                    },
                    {
                      "name": "status_associativity",
                      "expression": "COUNT_IF(`associative_filter_predicate_group`)"
                    }
                  ],
                  "disaggregated": false
                }
              }
            ],
            "spec": {
              "version": 2,
              "widgetType": "filter-single-select",
              "encodings": {
                "fields": [
                  {
                    "fieldName": "status",
                    "queryName": "dashboards/01f0b5d2c21513ac8ab86f43c6fd0dc3/datasets/01f0b5d2c2151922a97949405bc21794_status"
                  }
                ]
              },
              "disallowAll": false,
              "selection": {
                "defaultSelection": {
                  "values": {
                    "dataType": "STRING",
                    "values": [
                      {
                        "value": "Open"
                      }
                    ]
                  }
                }
              },
              "frame": {
                "showTitle": true,
                "title": "Issue Status"
              }
            }
          },
          "position": {
            "x": 3,
            "y": 0,
            "width": 3,
            "height": 1
          }
        },
        {
          "widget": {
            "name": "bf35df7a",
            "queries": [
              {
                "name": "main_query",
                "query": {
                  "datasetName": "9f00a7cb",
                  "fields": [
                    {
                      "name": "severity",
                      "expression": "`severity`"
                    },
                    {
                      "name": "countdistinct(issue_id)",
                      "expression": "COUNT(DISTINCT `issue_id`)"
                    },
                    {
                      "name": "aspect",
                      "expression": "`aspect`"
                    }
                  ],
                  "disaggregated": false
                }
              }
            ],
            "spec": {
              "version": 3,
              "widgetType": "bar",
              "encodings": {
                "x": {
                  "fieldName": "countdistinct(issue_id)",
                  "scale": {
                    "type": "quantitative"
                  },
                  "format": {
                    "type": "number-plain",
                    "abbreviation": "compact",
                    "decimalPlaces": {
                      "type": "max",
                      "places": 2
                    }
                  },
                  "axis": {
                    "title": "Number of issues"
                  }
                },
                "y": {
                  "fieldName": "aspect",
                  "scale": {
                    "type": "categorical"
                  },
                  "displayName": "Aspect"
                },
                "color": {
                  "fieldName": "severity",
                  "scale": {
                    "type": "categorical"
                  },
                  "legend": {
                    "title": ""
                  }
                }
              },
              "frame": {
                "title": "Issues by aspect",
                "showTitle": true
              }
            }
          },
          "position": {
            "x": 3,
            "y": 1,
            "width": 3,
            "height": 6
          }
        },
        {
          "widget": {
            "name": "d9918011",
            "queries": [
              {
                "name": "main_query",
                "query": {
                  "datasetName": "ddf2d117",
                  "fields": [
                    {
                      "name": "health_status",
                      "expression": "`health_status`"
                    },
                    {
                      "name": "region",
                      "expression": "`region`"
                    },
                    {
                      "name": "count(*)",
                      "expression": "COUNT(`*`)"
                    }
                  ],
                  "disaggregated": false
                }
              }
            ],
            "spec": {
              "version": 3,
              "widgetType": "bar",
              "encodings": {
                "x": {
                  "fieldName": "region",
                  "scale": {
                    "type": "categorical"
                  }
                },
                "y": {
                  "fieldName": "count(*)",
                  "scale": {
                    "type": "quantitative"
                  }
                },
                "color": {
                  "fieldName": "health_status",
                  "scale": {
                    "type": "categorical",
                    "mappings": [
                      {
                        "value": "Critical Issues",
                        "color": {
                          "themeColorType": "visualizationColors",
                          "position": 4
                        }
                      },
                      {
                        "value": "Healthy",
                        "color": {
                          "themeColorType": "visualizationColors",
                          "position": 3
                        }
                      },
                      {
                        "value": "Warnings",
                        "color": {
                          "themeColorType": "visualizationColors",
                          "position": 2
                        }
                      }
                    ]
                  }
                }
              },
              "frame": {
                "title": "Location Health by Region",
                "showTitle": true
              }
            }
          },
          "position": {
            "x": 0,
            "y": 7,
            "width": 6,
            "height": 6
          }
        },
        {
          "widget": {
            "name": "6fe289db",
            "queries": [
              {
                "name": "main_query",
                "query": {
                  "datasetName": "9f00a7cb",
                  "fields": [
                    {
                      "name": "issue_id",
                      "expression": "`issue_id`"
                    },
                    {
                      "name": "opened_at",
                      "expression": "`opened_at`"
                    },
                    {
                      "name": "region",
                      "expression": "`region`"
                    },
                    {
                      "name": "location",
                      "expression": "`location`"
                    },
                    {
                      "name": "aspect",
                      "expression": "`aspect`"
                    },
                    {
                      "name": "severity",
                      "expression": "`severity`"
                    },
                    {
                      "name": "status",
                      "expression": "`status`"
                    },
                    {
                      "name": "open_reason",
                      "expression": "`open_reason`"
                    },
                    {
                      "name": "delta_pp_open",
                      "expression": "`delta_pp_open`"
                    },
                    {
                      "name": "nms_open",
                      "expression": "`nms_open`"
                    },
                    {
                      "name": "volume_open",
                      "expression": "`volume_open`"
                    }
                  ],
                  "disaggregated": true
                }
              }
            ],
            "spec": {
              "version": 1,
              "widgetType": "table",
              "encodings": {
                "columns": [
                  {
                    "fieldName": "issue_id",
                    "booleanValues": [
                      "false",
                      "true"
                    ],
                    "imageUrlTemplate": "{{ @ }}",
                    "imageTitleTemplate": "{{ @ }}",
                    "imageWidth": "",
                    "imageHeight": "",
                    "linkUrlTemplate": "{{ @ }}",
                    "linkTextTemplate": "{{ @ }}",
                    "linkTitleTemplate": "{{ @ }}",
                    "linkOpenInNewTab": true,
                    "type": "string",
                    "displayAs": "string",
                    "visible": true,
                    "order": 0,
                    "title": "issue_id",
                    "allowSearch": false,
                    "alignContent": "left",
                    "allowHTML": false,
                    "highlightLinks": false,
                    "useMonospaceFont": false,
                    "preserveWhitespace": false
                  },
                  {
                    "fieldName": "opened_at",
                    "dateTimeFormat": "DD/MM/YYYY",
                    "booleanValues": [
                      "false",
                      "true"
                    ],
                    "imageUrlTemplate": "{{ @ }}",
                    "imageTitleTemplate": "{{ @ }}",
                    "imageWidth": "",
                    "imageHeight": "",
                    "linkUrlTemplate": "{{ @ }}",
                    "linkTextTemplate": "{{ @ }}",
                    "linkTitleTemplate": "{{ @ }}",
                    "linkOpenInNewTab": true,
                    "type": "date",
                    "displayAs": "datetime",
                    "visible": true,
                    "order": 1,
                    "title": "opened_at",
                    "allowSearch": false,
                    "alignContent": "right",
                    "allowHTML": false,
                    "highlightLinks": false,
                    "useMonospaceFont": false,
                    "preserveWhitespace": false
                  },
                  {
                    "fieldName": "region",
                    "booleanValues": [
                      "false",
                      "true"
                    ],
                    "imageUrlTemplate": "{{ @ }}",
                    "imageTitleTemplate": "{{ @ }}",
                    "imageWidth": "",
                    "imageHeight": "",
                    "linkUrlTemplate": "{{ @ }}",
                    "linkTextTemplate": "{{ @ }}",
                    "linkTitleTemplate": "{{ @ }}",
                    "linkOpenInNewTab": true,
                    "type": "string",
                    "displayAs": "string",
                    "visible": true,
                    "order": 2,
                    "title": "region",
                    "allowSearch": false,
                    "alignContent": "left",
                    "allowHTML": false,
                    "highlightLinks": false,
                    "useMonospaceFont": false,
                    "preserveWhitespace": false
                  },
                  {
                    "fieldName": "location",
                    "booleanValues": [
                      "false",
                      "true"
                    ],
                    "imageUrlTemplate": "{{ @ }}",
                    "imageTitleTemplate": "{{ @ }}",
                    "imageWidth": "",
                    "imageHeight": "",
                    "linkUrlTemplate": "{{ @ }}",
                    "linkTextTemplate": "{{ @ }}",
                    "linkTitleTemplate": "{{ @ }}",
                    "linkOpenInNewTab": true,
                    "type": "string",
                    "displayAs": "string",
                    "visible": true,
                    "order": 3,
                    "title": "location",
                    "allowSearch": false,
                    "alignContent": "left",
                    "allowHTML": false,
                    "highlightLinks": false,
                    "useMonospaceFont": false,
                    "preserveWhitespace": false
                  },
                  {
                    "fieldName": "aspect",
                    "booleanValues": [
                      "false",
                      "true"
                    ],
                    "imageUrlTemplate": "{{ @ }}",
                    "imageTitleTemplate": "{{ @ }}",
                    "imageWidth": "",
                    "imageHeight": "",
                    "linkUrlTemplate": "{{ @ }}",
                    "linkTextTemplate": "{{ @ }}",
                    "linkTitleTemplate": "{{ @ }}",
                    "linkOpenInNewTab": true,
                    "type": "string",
                    "displayAs": "string",
                    "visible": true,
                    "order": 4,
                    "title": "aspect",
                    "allowSearch": false,
                    "alignContent": "left",
                    "allowHTML": false,
                    "highlightLinks": false,
                    "useMonospaceFont": false,
                    "preserveWhitespace": false
                  },
                  {
                    "fieldName": "severity",
                    "booleanValues": [
                      "false",
                      "true"
                    ],
                    "imageUrlTemplate": "{{ @ }}",
                    "imageTitleTemplate": "{{ @ }}",
                    "imageWidth": "",
                    "imageHeight": "",
                    "linkUrlTemplate": "{{ @ }}",
                    "linkTextTemplate": "{{ @ }}",
                    "linkTitleTemplate": "{{ @ }}",
                    "linkOpenInNewTab": true,
                    "type": "string",
                    "displayAs": "string",
                    "visible": true,
                    "order": 5,
                    "title": "severity",
                    "allowSearch": false,
                    "alignContent": "left",
                    "allowHTML": false,
                    "highlightLinks": false,
                    "useMonospaceFont": false,
                    "preserveWhitespace": false
                  },
                  {
                    "fieldName": "status",
                    "booleanValues": [
                      "false",
                      "true"
                    ],
                    "imageUrlTemplate": "{{ @ }}",
                    "imageTitleTemplate": "{{ @ }}",
                    "imageWidth": "",
                    "imageHeight": "",
                    "linkUrlTemplate": "{{ @ }}",
                    "linkTextTemplate": "{{ @ }}",
                    "linkTitleTemplate": "{{ @ }}",
                    "linkOpenInNewTab": true,
                    "type": "string",
                    "displayAs": "string",
                    "visible": true,
                    "order": 6,
                    "title": "status",
                    "allowSearch": false,
                    "alignContent": "left",
                    "allowHTML": false,
                    "highlightLinks": false,
                    "useMonospaceFont": false,
                    "preserveWhitespace": false
                  },
                  {
                    "fieldName": "open_reason",
                    "booleanValues": [
                      "false",
                      "true"
                    ],
                    "imageUrlTemplate": "{{ @ }}",
                    "imageTitleTemplate": "{{ @ }}",
                    "imageWidth": "",
                    "imageHeight": "",
                    "linkUrlTemplate": "{{ @ }}",
                    "linkTextTemplate": "{{ @ }}",
                    "linkTitleTemplate": "{{ @ }}",
                    "linkOpenInNewTab": true,
                    "type": "string",
                    "displayAs": "string",
                    "visible": true,
                    "order": 7,
                    "title": "open_reason",
                    "allowSearch": false,
                    "alignContent": "left",
                    "allowHTML": false,
                    "highlightLinks": false,
                    "useMonospaceFont": false,
                    "preserveWhitespace": false
                  },
                  {
                    "fieldName": "delta_pp_open",
                    "numberFormat": "0.00",
                    "booleanValues": [
                      "false",
                      "true"
                    ],
                    "imageUrlTemplate": "{{ @ }}",
                    "imageTitleTemplate": "{{ @ }}",
                    "imageWidth": "",
                    "imageHeight": "",
                    "linkUrlTemplate": "{{ @ }}",
                    "linkTextTemplate": "{{ @ }}",
                    "linkTitleTemplate": "{{ @ }}",
                    "linkOpenInNewTab": true,
                    "type": "float",
                    "displayAs": "number",
                    "visible": true,
                    "order": 8,
                    "title": "delta_pp_open",
                    "allowSearch": false,
                    "alignContent": "right",
                    "allowHTML": false,
                    "highlightLinks": false,
                    "useMonospaceFont": false,
                    "preserveWhitespace": false
                  },
                  {
                    "fieldName": "nms_open",
                    "numberFormat": "0.00",
                    "booleanValues": [
                      "false",
                      "true"
                    ],
                    "imageUrlTemplate": "{{ @ }}",
                    "imageTitleTemplate": "{{ @ }}",
                    "imageWidth": "",
                    "imageHeight": "",
                    "linkUrlTemplate": "{{ @ }}",
                    "linkTextTemplate": "{{ @ }}",
                    "linkTitleTemplate": "{{ @ }}",
                    "linkOpenInNewTab": true,
                    "type": "float",
                    "displayAs": "number",
                    "visible": true,
                    "order": 9,
                    "title": "nms_open",
                    "allowSearch": false,
                    "alignContent": "right",
                    "allowHTML": false,
                    "highlightLinks": false,
                    "useMonospaceFont": false,
                    "preserveWhitespace": false
                  },
                  {
                    "fieldName": "volume_open",
                    "numberFormat": "0",
                    "booleanValues": [
                      "false",
                      "true"
                    ],
                    "imageUrlTemplate": "{{ @ }}",
                    "imageTitleTemplate": "{{ @ }}",
                    "imageWidth": "",
                    "imageHeight": "",
                    "linkUrlTemplate": "{{ @ }}",
                    "linkTextTemplate": "{{ @ }}",
                    "linkTitleTemplate": "{{ @ }}",
                    "linkOpenInNewTab": true,
                    "type": "integer",
                    "displayAs": "number",
                    "visible": true,
                    "order": 10,
                    "title": "volume_open",
                    "allowSearch": false,
                    "alignContent": "right",
                    "allowHTML": false,
                    "highlightLinks": false,
                    "useMonospaceFont": false,
                    "preserveWhitespace": false
                  }
                ]
              },
              "invisibleColumns": [
                {
                  "booleanValues": [
                    "false",
                    "true"
                  ],
                  "imageUrlTemplate": "{{ @ }}",
                  "imageTitleTemplate": "{{ @ }}",
                  "imageWidth": "",
                  "imageHeight": "",
                  "linkUrlTemplate": "{{ @ }}",
                  "linkTextTemplate": "{{ @ }}",
                  "linkTitleTemplate": "{{ @ }}",
                  "linkOpenInNewTab": true,
                  "name": "relevant_reviews",
                  "type": "complex",
                  "displayAs": "json",
                  "order": 11,
                  "title": "relevant_reviews",
                  "allowSearch": false,
                  "alignContent": "left",
                  "allowHTML": false,
                  "highlightLinks": false,
                  "useMonospaceFont": false,
                  "preserveWhitespace": false
                },
                {
                  "booleanValues": [
                    "false",
                    "true"
                  ],
                  "imageUrlTemplate": "{{ @ }}",
                  "imageTitleTemplate": "{{ @ }}",
                  "imageWidth": "",
                  "imageHeight": "",
                  "linkUrlTemplate": "{{ @ }}",
                  "linkTextTemplate": "{{ @ }}",
                  "linkTitleTemplate": "{{ @ }}",
                  "linkOpenInNewTab": true,
                  "name": "relevant_reviews_text",
                  "type": "string",
                  "displayAs": "string",
                  "order": 12,
                  "title": "relevant_reviews_text",
                  "allowSearch": false,
                  "alignContent": "left",
                  "allowHTML": false,
                  "highlightLinks": false,
                  "useMonospaceFont": false,
                  "preserveWhitespace": false
                },
                {
                  "booleanValues": [
                    "false",
                    "true"
                  ],
                  "imageUrlTemplate": "{{ @ }}",
                  "imageTitleTemplate": "{{ @ }}",
                  "imageWidth": "",
                  "imageHeight": "",
                  "linkUrlTemplate": "{{ @ }}",
                  "linkTextTemplate": "{{ @ }}",
                  "linkTitleTemplate": "{{ @ }}",
                  "linkOpenInNewTab": true,
                  "name": "latitude",
                  "type": "decimal",
                  "displayAs": "number",
                  "order": 13,
                  "title": "latitude",
                  "allowSearch": false,
                  "alignContent": "right",
                  "allowHTML": false,
                  "highlightLinks": false,
                  "useMonospaceFont": false,
                  "preserveWhitespace": false
                },
                {
                  "booleanValues": [
                    "false",
                    "true"
                  ],
                  "imageUrlTemplate": "{{ @ }}",
                  "imageTitleTemplate": "{{ @ }}",
                  "imageWidth": "",
                  "imageHeight": "",
                  "linkUrlTemplate": "{{ @ }}",
                  "linkTextTemplate": "{{ @ }}",
                  "linkTitleTemplate": "{{ @ }}",
                  "linkOpenInNewTab": true,
                  "name": "longitude",
                  "type": "decimal",
                  "displayAs": "number",
                  "order": 14,
                  "title": "longitude",
                  "allowSearch": false,
                  "alignContent": "right",
                  "allowHTML": false,
                  "highlightLinks": false,
                  "useMonospaceFont": false,
                  "preserveWhitespace": false
                },
                {
                  "booleanValues": [
                    "false",
                    "true"
                  ],
                  "imageUrlTemplate": "{{ @ }}",
                  "imageTitleTemplate": "{{ @ }}",
                  "imageWidth": "",
                  "imageHeight": "",
                  "linkUrlTemplate": "{{ @ }}",
                  "linkTextTemplate": "{{ @ }}",
                  "linkTitleTemplate": "{{ @ }}",
                  "linkOpenInNewTab": true,
                  "name": "city",
                  "type": "string",
                  "displayAs": "string",
                  "order": 15,
                  "title": "city",
                  "allowSearch": false,
                  "alignContent": "left",
                  "allowHTML": false,
                  "highlightLinks": false,
                  "useMonospaceFont": false,
                  "preserveWhitespace": false
                }
              ],
              "allowHTMLByDefault": false,
              "itemsPerPage": 25,
              "paginationSize": "default",
              "condensed": true,
              "withRowNumber": false
            }
          },
          "position": {
            "x": 0,
            "y": 13,
            "width": 6,
            "height": 6
          }
        }
      ],
      "pageType": "PAGE_TYPE_CANVAS"
    },
    {
      "name": "cda77b68",
      "displayName": "Global Filters",
      "pageType": "PAGE_TYPE_GLOBAL_FILTERS"
    }
  ],
  "uiSettings": {
    "theme": {
      "widgetHeaderAlignment": "ALIGNMENT_UNSPECIFIED"
    },
    "genieSpace": {
      "isEnabled": true,
      "overrideId": "01f0a933aa7a14dc8b377db69cd237ee"
    }
  }
}
